event_id,process,segment,local_us,context,kind,channel,direction,payload,parent_event_id,incident_id,frame_id
E6TFYAPK,workerA,s1,13893980,sw-A1,worker_step,,,,EE3NY7YJ,,QTNZ5EP2WK
EH8MVP5V,workerA,s1,18099169,sw-A1,worker_step,,,,E358QMAS,,QMC78E7GVY
EGKSTQMN,rendererA,s0,4646972,doc-A1,interaction,,,,,,QDTUR4DKLT
EVTTRRMX,rendererB,s1,16001972,doc-B3,message_send,ch3,c2w,aa,,,
EMLVNYZL,rendererB,s1,10866559,doc-B2,interaction,,,,,,QVU2VXXZJY
E9L5M4U8,rendererA,s0,5999820,doc-A1,message_send,ch2,c2w,aa,,,
E9K5A9CN,rendererB,s1,15301489,bg-rendererB-s1,timer,,,aa,,,
EXRBXP8A,workerB,s0,12959493,bg-workerB-s0,paint,,,dd,,,
E8UQXGH2,rendererB,s1,10041126,doc-B2,error,,,,EEJEAVA3,I005,QSHCCAAUDY
EXYQLPUD,rendererB,s1,18454030,doc-B2,client_step,,,,EPWHL6QS,,
E28DH5T3,workerB,s0,18939990,sw-B0,message_recv,ch3,c2w,cc,,,
EPTP4MV4,rendererB,s0,11233243,doc-B1,interaction,,,,,,Q75A6NBA3J
EUTJT3LU,workerA,s0,18319527,sw-A0,message_send,ch1,w2c,cc,,,
EC8PYFZ4,rendererA,s1,23043385,bg-rendererA-s1,timer,,,cc,,,
EH4B8D53,rendererB,s0,10533599,doc-B1,client_step,,,,E4DH45FP,,
E76SWACW,rendererA,s0,17093150,doc-A1,message_recv,ch4,w2c,dd,,,
EAR8DHT6,rendererA,s1,11507518,doc-A2,message_recv,ch1,w2c,bb,,,
E3TFDEJW,rendererA,s1,18930255,doc-A2,message_send,ch3,c2w,cc,,,
EGQ7QJZ5,rendererA,s0,12567961,doc-A3,message_recv,ch1,w2c,ee,,,
EN9NABZ5,rendererA,s0,5758796,doc-A1,interaction,,,,,,QH574QKP3U
EQZPEESJ,rendererA,s0,20667122,doc-A1,error,,,,E7X6YJSH,I016,QKP7L6VT8Y
E5ZXTCDJ,workerA,s0,9692594,sw-A0,message_recv,ch1,c2w,cc,,,
EWVLU6ZT,workerB,s0,8730624,bg-workerB-s0,timer,,,aa,,,
EYQRA6K3,rendererA,s0,16906145,doc-A1,message_send,ch4,c2w,bb,,,
EWH9LK5Z,workerB,s0,14782622,sw-B0,message_send,ch3,w2c,cc,ENAJUER8,,
ETRNVTSV,workerB,s0,11331296,sw-B0,message_recv,ch3,c2w,bb,,,
ELHVJ7ZN,workerA,s0,20470090,sw-A0,message_send,ch1,w2c,ee,,,
EMGPQKQK,workerB,s1,12541306,sw-B1,message_send,ch4,w2c,aa,E5Q4KG7U,,
ELFGMKRY,rendererB,s1,17625446,doc-B2,message_send,ch1,c2w,bb,,,
EFSRKQ6R,workerB,s1,8392718,sw-B1,message_recv,ch4,c2w,dd,,,
ER5P7KXM,workerA,s0,18237418,sw-A0,message_recv,ch1,c2w,aa,,,
E5Q4KG7U,workerB,s1,12505134,sw-B1,worker_step,,,,EHMAETWP,,QMT8LGC2WD
EFNVMK5M,rendererA,s0,19477627,doc-A1,message_send,ch3,c2w,aa,EADT2T2W,,
ECY4M824,rendererB,s0,7098716,doc-B1,message_recv,ch3,w2c,dd,,,
E6MY4XVU,rendererA,s1,13546760,doc-A2,message_recv,ch4,w2c,bb,,,
ETXDNVAV,workerA,s0,18149126,bg-workerA-s0,microtask,,,bb,,,
E36XJFWP,workerA,s1,19522349,sw-A1,message_recv,ch2,c2w,dd,,,
E5FKTVPU,rendererA,s0,14431386,doc-A3,client_step,,,,EKN59F7U,,
ESQRFSAX,workerA,s0,22986439,bg-workerA-s0,timer,,,cc,,,
E9D5HEP4,workerB,s0,14735214,sw-B0,message_recv,ch3,c2w,ee,,,
E4VETADM,workerA,s1,14164837,sw-A1,message_recv,ch2,c2w,dd,,,
EV6S3NWH,workerB,s1,17377475,sw-B1,message_recv,ch4,c2w,bb,,,
E57YFY6U,workerB,s1,11746820,sw-B1,message_send,ch4,w2c,bb,,,
ECF4TQCH,workerB,s1,18182596,sw-B1,message_recv,ch4,c2w,cc,,,
EQAS9ZTV,workerA,s0,8631152,sw-A0,message_send,ch1,w2c,dd,,,
EWH3VZG8,rendererB,s1,23447890,bg-rendererB-s1,microtask,,,aa,,,
EYMCKA2C,rendererB,s1,10973127,doc-B2,message_send,ch2,c2w,cc,,,
ES5NKDQT,workerA,s1,19987672,bg-workerA-s1,paint,,,cc,,,
EVTF8HVD,rendererB,s1,20470868,doc-B3,message_recv,ch4,w2c,bb,,,
E6CXJJ5U,rendererA,s0,5057586,doc-A1,message_recv,ch1,w2c,cc,,,
ESNP3MJF,workerB,s0,26474030,bg-workerB-s0,timer,,,aa,,,
E9HG9LVS,rendererA,s0,11359701,doc-A1,message_send,ch2,c2w,aa,,,
EEYYFJFR,workerA,s0,15803480,sw-A0,message_recv,ch1,c2w,dd,,,
EBZ33UVN,workerB,s1,17430629,bg-workerB-s1,microtask,,,bb,,,
EKWRPKK7,workerB,s0,13021686,sw-B0,message_send,ch3,w2c,aa,,,
ETLXRSH3,rendererA,s0,13355555,doc-A3,message_recv,ch1,w2c,dd,,,
ECNFK2Z5,rendererB,s0,11428848,doc-B1,error,,,,E5JQSMR5,I008,QSL5QU6RS4
EJMKSRPS,rendererB,s0,11402811,doc-B1,message_recv,ch4,w2c,aa,,,
EHGDZYAZ,rendererA,s1,14410626,bg-rendererA-s1,timer,,,cc,,,
EPGRXBUC,workerA,s0,13961953,sw-A0,message_recv,ch1,c2w,bb,,,
ER5KPY39,rendererA,s1,24670152,doc-A2,interaction,,,,,,QE8AWAZKUT
E8VPMDCP,workerA,s0,15937144,sw-A0,message_send,ch1,w2c,dd,,,
EAKMJPSF,workerA,s0,23710106,sw-A0,message_send,ch1,w2c,cc,,,
E2G283DW,rendererB,s1,10120662,doc-B2,message_send,ch2,c2w,dd,,,
ER9C2K2L,rendererB,s1,17293585,doc-B3,message_send,ch4,c2w,ee,,,
E6SXEFNS,workerA,s1,12126700,sw-A1,message_send,ch2,w2c,dd,,,
EZLFXA47,workerB,s1,12498976,sw-B1,message_recv,ch4,c2w,bb,,,
ECS94YGJ,workerA,s1,14214977,sw-A1,message_send,ch2,w2c,aa,,,
ECWEXZDX,rendererA,s1,16635645,doc-A2,message_send,ch4,c2w,dd,,,
ED4U7BC5,rendererB,s1,17391014,doc-B3,error,,,,EJ57N2G5,I012,Q9NFYHT95M
E2URHV5P,workerB,s0,18727822,sw-B0,message_recv,ch3,c2w,aa,,,
E687N8KF,workerA,s1,13867387,sw-A1,message_recv,ch2,c2w,aa,,,
E7FZDEKE,rendererA,s0,20647379,doc-A1,message_recv,ch4,w2c,ee,,,
EADT2T2W,rendererA,s0,19437629,doc-A1,interaction,,,,,,QELWQ2LNMX
E6G3NZ78,rendererA,s0,16731712,doc-A1,message_send,ch2,c2w,aa,,,
E42SZRJX,rendererB,s1,6566859,bg-rendererB-s1,timer,,,aa,,,
EF4CHV7S,workerB,s0,22057458,sw-B0,message_send,ch3,w2c,bb,,,
ETATPE87,rendererA,s0,13638243,doc-A1,message_send,ch4,c2w,cc,,,
EDTY2Z94,workerB,s0,12112802,sw-B0,message_recv,ch3,c2w,cc,,,
ETWR5MML,rendererA,s0,8783890,bg-rendererA-s0,paint,,,cc,,,
ESH8NCX6,rendererB,s1,9595414,doc-B3,message_recv,ch3,w2c,ee,,,
E4UC2H6E,workerA,s1,14324693,bg-workerA-s1,timer,,,dd,,,
E3XNNFK7,rendererB,s1,12880534,doc-B3,message_recv,ch3,w2c,dd,,,
E6N5UVXX,rendererB,s0,16785277,doc-B1,message_send,ch3,c2w,dd,,,
EZ8LHL4D,rendererB,s1,17058954,bg-rendererB-s1,timer,,,aa,,,
EGX5TRGH,rendererA,s0,8343878,doc-A3,message_recv,ch2,w2c,ee,,,
ENRJ6K4C,workerA,s1,10964639,sw-A1,message_recv,ch2,c2w,aa,,,
ENX8LWLR,rendererB,s1,19543231,doc-B2,error,,,,E7LNUSSM,I014,QJ9MHTQ97N
EY2WGKT5,workerB,s1,17491365,sw-B1,message_send,ch4,w2c,dd,,,
EKN59F7U,rendererA,s0,14418009,doc-A3,message_recv,ch2,w2c,bb,,,
EPUDFLMN,workerA,s0,21522832,sw-A0,message_recv,ch1,c2w,dd,,,
E65NHZCD,rendererA,s1,24915462,doc-A2,client_step,,,,ERCCT2FA,,
EAGHB75V,rendererA,s1,24929689,doc-A2,error,,,,E65NHZCD,I018,QLPQ3JBYWZ
EEGN4UA6,workerA,s1,6734459,sw-A1,message_send,ch2,w2c,dd,,,
EXRKEEMN,rendererA,s0,5568223,bg-rendererA-s0,timer,,,ee,,,
ENAKKBY8,workerA,s0,20044366,sw-A0,worker_step,,,,EY25FCDZ,,Q6LPDGWN6F
EZW4RH2G,workerB,s1,8402718,sw-B1,message_recv,ch4,c2w,dd,,,
EHMAETWP,workerB,s1,12488975,sw-B1,message_recv,ch4,c2w,bb,,,
EKQCY52Y,workerB,s1,13422739,sw-B1,message_send,ch4,w2c,dd,,,
E2AGUU25,rendererA,s1,19083754,doc-A2,message_recv,ch3,w2c,ee,,,
E2EJ2AYA,workerB,s1,23627795,bg-workerB-s1,microtask,,,cc,,,
EYT7NAT8,rendererB,s1,18458418,doc-B2,error,,,,EXYQLPUD,I013,QGAPRL3FH7
ELVBUY4W,workerB,s1,16847351,sw-B1,message_send,ch4,w2c,cc,ER9XGN2L,,
E3VXHSLY,rendererA,s0,13108799,doc-A3,interaction,,,,,,QW3C38A87H
E7LNUSSM,rendererB,s1,19536340,doc-B2,client_step,,,,EAD9UFH6,,
E28H5GVE,rendererA,s0,6139036,doc-A1,message_recv,ch2,w2c,cc,,,
EL8578ZZ,rendererA,s0,9286668,doc-A1,message_send,ch3,c2w,dd,,,
E8WLPR38,workerB,s0,18785172,sw-B0,message_send,ch3,w2c,cc,,,
EHBH37T9,rendererA,s1,9147919,doc-A2,error,,,,EY9LZTZU,I003,QLPDYLQRS7
EEVA3FST,rendererA,s1,23678116,doc-A2,interaction,,,,,,Q4HS6ES5L4
ELQAY4DR,rendererA,s1,12343673,doc-A2,message_send,ch3,c2w,ee,,,
EZH67LNU,workerB,s1,14997256,sw-B1,message_send,ch4,w2c,aa,,,
E3ZVVY9Y,workerB,s1,17242467,bg-workerB-s1,microtask,,,ee,,,
ETSVTVAA,rendererB,s0,12448373,bg-rendererB-s0,microtask,,,aa,,,
EE9SY6B3,rendererB,s1,16368624,doc-B3,message_recv,ch3,w2c,ee,,,
E3W4L42U,workerB,s1,16872226,sw-B1,message_send,ch4,w2c,cc,,,
EY5R8V6M,rendererA,s0,13653061,doc-A3,message_recv,ch2,w2c,ee,,,
EFG595EQ,rendererB,s1,6895318,doc-B2,message_send,ch1,c2w,bb,,,
E4G5CEGM,rendererA,s0,5854089,doc-A1,message_send,ch2,c2w,ee,,,
EKG3S2LQ,rendererA,s1,22496291,bg-rendererA-s1,paint,,,cc,,,
ERKB6JPE,workerB,s1,12079993,bg-workerB-s1,microtask,,,aa,,,
EMLFK9XC,rendererB,s1,19955813,doc-B2,message_recv,ch1,w2c,aa,,,
EJZYVUGQ,rendererB,s0,8035764,doc-B1,message_send,ch4,c2w,bb,,,
EHZ63DC7,rendererB,s1,17942934,bg-rendererB-s1,paint,,,ee,,,
EBPW2D4H,rendererB,s1,13735863,doc-B3,message_send,ch4,c2w,bb,,,
E3WSTBXZ,workerA,s1,13133365,sw-A1,message_recv,ch2,c2w,cc,,,
EWVHU2LD,rendererA,s1,12591187,doc-A2,message_recv,ch2,w2c,bb,,,
E6W8N9V6,rendererB,s1,11120660,doc-B2,error,,,,ENBPGSLF,I006,QLPKJ4DQLC
ES3FCCJ7,workerA,s1,9742292,sw-A1,message_send,ch2,w2c,ee,,,
EJAQUUQ6,workerB,s1,8335558,bg-workerB-s1,paint,,,bb,,,
E2A4ZUVS,workerA,s0,8766582,bg-workerA-s0,microtask,,,dd,,,
E62D43F2,workerB,s1,16811441,sw-B1,message_recv,ch4,c2w,ee,,,
EBR2AZYF,rendererB,s0,11253594,doc-B1,message_send,ch4,c2w,aa,,,
E8ZJ2SYG,workerB,s0,17015098,sw-B0,message_recv,ch3,c2w,dd,,,
E27BLAWW,workerA,s1,19615479,bg-workerA-s1,microtask,,,cc,,,
ENQTASSN,rendererA,s1,10115856,doc-A2,message_send,ch4,c2w,aa,,,
EFJUQ57W,workerA,s0,5411452,bg-workerA-s0,timer,,,cc,,,
E47LHUY7,rendererB,s1,17244512,doc-B3,message_recv,ch4,w2c,cc,,,
EYK3U22Z,workerB,s0,19536212,sw-B0,message_recv,ch3,c2w,bb,,,
EYA7KNA8,workerB,s0,17020208,bg-workerB-s0,paint,,,dd,,,
EXEHAQV6,workerA,s0,15095027,sw-A0,message_recv,ch1,c2w,cc,,,
E2USQEK8,workerB,s0,22462641,bg-workerB-s0,paint,,,dd,,,
EM6YF6C6,rendererA,s0,11875693,bg-rendererA-s0,timer,,,bb,,,
EWM92M2T,rendererA,s0,19637559,doc-A1,client_step,,,,EGJGNTFF,,
EJZMULE8,rendererB,s1,8006448,doc-B2,message_send,ch2,c2w,bb,,,
ENBRY5JZ,workerA,s0,22008439,bg-workerA-s0,timer,,,bb,,,
ERCCT2FA,rendererA,s1,24892485,doc-A2,message_recv,ch2,w2c,aa,,,
E2FUAMLK,rendererA,s0,4863656,doc-A1,client_step,,,,EULA7R23,,
EGV6NY24,workerB,s1,24417918,bg-workerB-s1,paint,,,ee,,,
EQ6A4X6W,rendererA,s1,10246253,doc-A2,client_step,,,,E3U6Z989,,
EHLCU7XR,rendererB,s1,17250598,doc-B3,message_send,ch4,c2w,ee,ECJY8D8B,,
EZ92NF4A,rendererB,s1,9857223,doc-B2,message_send,ch1,c2w,aa,E64289YB,,
EYCYD696,workerB,s1,12511481,sw-B1,message_recv,ch4,c2w,aa,,,
E4F6TCTQ,rendererA,s0,4890348,doc-A1,message_send,ch1,c2w,aa,,,
E3U6Z989,rendererA,s1,10229505,doc-A2,message_recv,ch4,w2c,dd,,,
EGMWAQXN,workerA,s0,11891528,sw-A0,message_send,ch1,w2c,bb,,,
E4CZZMNY,workerA,s0,16121505,sw-A0,message_recv,ch1,c2w,dd,,,
E9H75L49,rendererA,s0,20411172,doc-A1,interaction,,,,,,Q9LGTFZHUA
EYMJWFNJ,workerA,s0,7538369,sw-A0,message_recv,ch1,c2w,aa,,,
EUBQX34S,workerB,s1,20942463,sw-B1,message_recv,ch4,c2w,cc,,,
EQQNHDMQ,rendererB,s1,16172285,doc-B3,interaction,,,,,,Q75M9CW7ZP
EUVL4Z8S,workerA,s0,19375025,sw-A0,message_recv,ch1,c2w,bb,,,
E5HWDJG8,workerA,s1,20642073,sw-A1,message_send,ch2,w2c,bb,,,
ESJCGXT4,workerA,s1,5432465,sw-A1,message_recv,ch2,c2w,ee,,,
EWV8D7BH,rendererB,s1,21036657,doc-B2,message_recv,ch2,w2c,aa,,,
EX6C4QSC,workerA,s0,16214403,sw-A0,message_send,ch1,w2c,aa,,,
EGUFVHKJ,workerA,s1,9630754,sw-A1,message_recv,ch2,c2w,cc,,,
EKV2HPMA,rendererB,s0,16951658,doc-B1,message_recv,ch3,w2c,aa,,,
EXUEL2DQ,workerB,s0,20424937,sw-B0,message_send,ch3,w2c,ee,,,
EK2UJZ8G,workerB,s0,23145393,sw-B0,message_send,ch3,w2c,bb,ECW8ZMLJ,,
E4Z2R7A9,workerA,s0,12976330,sw-A0,message_send,ch1,w2c,cc,,,
EFRFWQSR,workerB,s0,17009089,bg-workerB-s0,paint,,,cc,,,
EENTRU5P,workerA,s0,22575250,sw-A0,message_recv,ch1,c2w,ee,,,
ELNNNUUL,rendererA,s0,15605439,doc-A1,message_send,ch1,c2w,aa,,,
EGYAT8CG,rendererB,s1,18300902,doc-B2,message_send,ch1,c2w,bb,E3BSNP25,,
EUGPPSZV,workerB,s0,18952110,sw-B0,worker_step,,,,E28DH5T3,,Q5HPSJL89Q
EUEMUJQJ,rendererA,s1,15750797,doc-A2,message_recv,ch3,w2c,aa,,,
EZFYHPQP,workerB,s1,4435222,bg-workerB-s1,paint,,,cc,,,
EULA7R23,rendererA,s0,4849038,doc-A1,message_recv,ch1,w2c,ee,,,
ETGGFNSG,workerB,s1,21443174,bg-workerB-s1,microtask,,,ee,,,
ESKYPN6M,workerB,s1,18326740,sw-B1,message_send,ch4,w2c,ee,,,
EGL2KSLW,rendererB,s0,21520815,bg-rendererB-s0,paint,,,dd,,,
EHWT2RR7,workerA,s1,22229606,sw-A1,message_send,ch2,w2c,aa,EGWW7FAQ,,
EUPRUB2K,rendererA,s0,22029455,doc-A1,message_send,ch2,c2w,aa,,,
ER2MP9JD,rendererB,s1,13351384,doc-B2,message_send,ch2,c2w,bb,,,
ELFQTGDK,rendererB,s1,16174384,doc-B3,message_recv,ch3,w2c,cc,,,
ECHUNZEH,rendererA,s1,12436343,doc-A2,message_send,ch2,c2w,ee,,,
ELMV86N7,workerA,s0,7331108,sw-A0,message_recv,ch1,c2w,cc,,,
EWPUZFQP,workerB,s1,23237685,bg-workerB-s1,microtask,,,aa,,,
EA89TPRT,rendererB,s1,19769246,doc-B2,message_send,ch1,c2w,dd,,,
ES24ASRY,workerA,s1,5647997,sw-A1,message_send,ch2,w2c,cc,,,
E4NS5KVT,workerB,s0,14592137,sw-B0,message_recv,ch3,c2w,aa,,,
EMXDW229,workerB,s0,16265777,sw-B0,message_send,ch3,w2c,ee,,,
EGDK3EQW,rendererA,s0,14164173,doc-A3,interaction,,,,,,QNQ9YDLV2J
EPK47MNT,workerB,s0,10459963,sw-B0,message_recv,ch3,c2w,aa,,,
EUJ388MG,workerB,s1,5518935,bg-workerB-s1,paint,,,ee,,,
EKZFH8G9,workerA,s0,12907817,sw-A0,message_recv,ch1,c2w,aa,,,
EMMRVWTH,rendererB,s0,17969810,doc-B1,message_recv,ch4,w2c,aa,,,
EGAP8YV4,rendererA,s0,13148798,doc-A3,message_send,ch1,c2w,dd,E3VXHSLY,,
EWL42JWF,rendererA,s1,23885662,doc-A2,client_step,,,,EN36EPYL,,
EC7CAFG3,rendererA,s0,16814094,doc-A1,message_recv,ch2,w2c,cc,,,
ER5GXJWY,rendererA,s1,23715843,bg-rendererA-s1,paint,,,cc,,,
EKUX4XNF,rendererB,s1,9039004,doc-B2,message_send,ch1,c2w,dd,,,
E4DH45FP,rendererB,s0,10517696,doc-B1,message_recv,ch3,w2c,cc,,,
EHE4FC3P,workerB,s0,16208943,bg-workerB-s0,microtask,,,ee,,,
EFYK5ANW,rendererA,s0,12418736,doc-A3,message_send,ch1,c2w,cc,,,
E3PCQBHC,rendererA,s0,5990765,doc-A1,error,,,,EVMTKR9F,I002,QHN9TFXYJK
EUM5MA8Z,rendererA,s1,8931665,doc-A2,interaction,,,,,,QG974HVMV7
EEFH7E36,rendererA,s0,18832962,doc-A3,message_send,ch2,c2w,cc,,,
E49DG7K6,workerB,s0,15500712,sw-B0,message_send,ch3,w2c,dd,,,
EH3P3LTZ,workerB,s0,20408350,sw-B0,message_recv,ch3,c2w,cc,,,
EFJ566FA,rendererA,s0,21787754,bg-rendererA-s0,paint,,,aa,,,
EN6EN9DG,workerA,s1,9743945,bg-workerA-s1,timer,,,cc,,,
E8S8V4Q4,workerB,s1,5231528,bg-workerB-s1,microtask,,,cc,,,
E42EN6TQ,rendererB,s1,17877921,bg-rendererB-s1,timer,,,bb,,,
ETJBENBZ,rendererB,s1,19460805,doc-B3,message_recv,ch3,w2c,bb,,,
EWUK7EZW,workerB,s1,14140295,sw-B1,message_recv,ch4,c2w,cc,,,
E64289YB,rendererB,s1,9817221,doc-B2,interaction,,,,,,Q6YHDDUZ6X
EPRW58KT,workerA,s1,9649809,sw-A1,worker_step,,,,EGUFVHKJ,,QSG7WU86GC
ERZ54Q66,workerA,s0,17852032,bg-workerA-s0,timer,,,dd,,,
EY2GWHFP,workerA,s1,17361751,sw-A1,message_recv,ch2,c2w,bb,,,
ENDKH4HR,rendererB,s1,10688584,doc-B3,message_recv,ch4,w2c,ee,,,
ESMJS5TR,workerB,s1,20932463,sw-B1,message_recv,ch4,c2w,cc,,,
EUJV2PSY,workerA,s0,22675209,sw-A0,message_send,ch1,w2c,bb,,,
EY25FCDZ,workerA,s0,20026693,sw-A0,message_recv,ch1,c2w,bb,,,
EK298VMW,workerA,s1,12368254,bg-workerA-s1,paint,,,cc,,,
EGZZ3KYA,workerA,s1,18512693,bg-workerA-s1,microtask,,,ee,,,
E85P67NF,rendererB,s1,10004286,doc-B2,message_recv,ch1,w2c,bb,,,
E3R8Q84Q,workerB,s1,19936481,sw-B1,message_send,ch4,w2c,bb,,,
EN8BZAHP,workerA,s1,16358249,sw-A1,message_send,ch2,w2c,cc,,,
EK72S8Q9,rendererB,s1,11099668,doc-B2,message_recv,ch2,w2c,ee,,,
E4NW6XW4,workerB,s1,10104138,sw-B1,message_recv,ch4,c2w,cc,,,
EZAP8RYR,workerB,s0,17621639,bg-workerB-s0,timer,,,ee,,,
EY986XP2,rendererA,s1,23270801,doc-A2,message_recv,ch2,w2c,bb,,,
EHSK5DL9,rendererA,s0,10435952,doc-A1,message_recv,ch1,w2c,cc,,,
EUPE6GTA,rendererB,s0,6940553,doc-B1,message_send,ch3,c2w,bb,,,
ECV2XV4L,workerA,s1,11739094,bg-workerA-s1,paint,,,ee,,,
ESKRCUCT,workerB,s0,10411768,sw-B0,message_recv,ch3,c2w,bb,,,
EWN6GYWS,rendererA,s0,7787349,bg-rendererA-s0,paint,,,bb,,,
ELYZJHZG,rendererB,s1,13976039,doc-B3,message_recv,ch4,w2c,dd,,,
E775FKRH,workerB,s0,23097072,sw-B0,message_recv,ch3,c2w,aa,,,
ESACZWNV,rendererA,s0,12615806,doc-A1,message_send,ch3,c2w,cc,,,
EWFW4Y6V,rendererA,s0,11517464,doc-A1,message_recv,ch2,w2c,cc,,,
EUFSE76G,rendererA,s1,23718118,doc-A2,message_send,ch1,c2w,ee,EEVA3FST,,
ECCVDAD8,workerB,s1,8441914,sw-B1,message_send,ch4,w2c,dd,EU9J8AZ3,,
EU9J8AZ3,workerB,s1,8405360,sw-B1,worker_step,,,,EFSRKQ6R,,Q6UTTQQSTT
EHFRZJJT,workerB,s1,8408913,sw-B1,message_recv,ch4,c2w,aa,,,
ERBS7ABN,workerB,s1,12547388,sw-B1,message_send,ch4,w2c,cc,,,
E338NZT4,workerB,s1,10927953,sw-B1,message_send,ch4,w2c,aa,,,
EXNY76CU,rendererA,s1,10033887,doc-A2,interaction,,,,,,QM9CL74RG6
E5S48V4V,rendererB,s1,15614357,doc-B2,message_recv,ch2,w2c,aa,,,
EY9LZTZU,rendererA,s1,9141244,doc-A2,client_step,,,,ENMCFDGL,,
E3Q573YD,workerA,s0,11819072,sw-A0,message_recv,ch1,c2w,ee,,,
EKWTXFLW,rendererB,s0,11300173,doc-B1,message_send,ch4,c2w,bb,,,
E4UX3N8R,workerB,s1,14212828,sw-B1,message_send,ch4,w2c,ee,,,
EL33QD5J,workerB,s1,16542654,sw-B1,message_recv,ch4,c2w,aa,,,
EYRFDSPH,rendererA,s0,14278454,doc-A3,message_send,ch2,c2w,aa,,,
EAC6ZA2U,workerB,s1,19027601,sw-B1,message_recv,ch4,c2w,dd,,,
EYLLWUHB,rendererA,s1,8971667,doc-A2,message_send,ch3,c2w,bb,EUM5MA8Z,,
EWHMMRK9,workerB,s0,10441039,sw-B0,worker_step,,,,ESKRCUCT,,QJX533L8W5
ET5HRZDZ,rendererA,s1,5677986,bg-rendererA-s1,paint,,,bb,,,
EM4XNQUA,rendererA,s0,4869689,doc-A1,error,,,,E2FUAMLK,I001,QQPLKL2SZP
ET4V89QM,rendererA,s1,10043218,bg-rendererA-s1,paint,,,cc,,,
E5DWY2FR,rendererB,s0,11415565,doc-B1,message_recv,ch4,w2c,cc,,,
EYCDHD3B,workerB,s0,15402955,sw-B0,message_recv,ch3,c2w,bb,,,
EY6YFWAZ,rendererB,s1,13533053,bg-rendererB-s1,paint,,,bb,,,
EF6Z7SLG,workerA,s1,18471032,sw-A1,message_recv,ch2,c2w,cc,,,
EG577FEH,rendererB,s1,16212288,doc-B3,message_send,ch3,c2w,cc,EQQNHDMQ,,
ED3ZDW48,rendererB,s0,19655775,bg-rendererB-s0,timer,,,bb,,,
E6G9XQ89,rendererB,s1,19288644,doc-B2,interaction,,,,,,QFNPQ2ETBY
E98AUP7C,workerA,s1,19807274,bg-workerA-s1,paint,,,bb,,,
E2PHPJFY,workerB,s1,18445733,bg-workerB-s1,paint,,,aa,,,
EBKUA39J,rendererB,s1,17807633,doc-B2,message_recv,ch1,w2c,dd,,,
EQ5LLATV,workerB,s0,19598417,sw-B0,message_send,ch3,w2c,dd,,,
EAM2PVWD,workerB,s1,13290306,sw-B1,message_recv,ch4,c2w,bb,,,
EMLDFKBY,rendererB,s0,21503798,bg-rendererB-s0,microtask,,,dd,,,
EEJ4RWS7,workerA,s0,16685590,bg-workerA-s0,microtask,,,dd,,,
EKKXAR78,workerA,s1,5596769,sw-A1,message_recv,ch2,c2w,aa,,,
EEMSC9AQ,rendererA,s1,10124690,doc-A2,message_send,ch4,c2w,dd,,,
EYW23NZJ,rendererA,s0,20976256,doc-A1,message_send,ch1,c2w,aa,,,
ERNGXV9H,rendererA,s0,13359949,doc-A3,error,,,,E5TJ8ED5,I009,QH4B7FN5BB
E2EW37ZE,workerB,s0,18985603,sw-B0,message_send,ch3,w2c,ee,EUGPPSZV,,
E36KWLUD,workerA,s1,9640754,sw-A1,message_recv,ch2,c2w,cc,,,
ECCTBURP,workerA,s1,13191720,sw-A1,message_send,ch2,w2c,ee,,,
EN36EPYL,rendererA,s1,23864870,doc-A2,message_recv,ch1,w2c,cc,,,
EWUYR5XZ,rendererB,s1,17380372,doc-B3,message_recv,ch4,w2c,cc,,,
EJA9BAE3,workerB,s0,23187380,sw-B0,message_send,ch3,w2c,bb,,,
EQBGK72B,workerA,s1,12028746,sw-A1,message_recv,ch2,c2w,bb,,,
ENTHGSL8,rendererB,s1,14387943,doc-B2,message_send,ch1,c2w,dd,,,
EAS9TZK7,workerA,s1,5457629,sw-A1,worker_step,,,,ESJCGXT4,,QZGZD3VSM8
E2UFTJ63,workerA,s1,8917581,sw-A1,message_send,ch2,w2c,aa,,,
E358QMAS,workerA,s1,18064067,sw-A1,message_recv,ch2,c2w,dd,,,
ET965HN8,workerB,s0,13815858,sw-B0,message_recv,ch3,c2w,ee,,,
EGM5R69K,workerA,s0,8618946,sw-A0,message_recv,ch1,c2w,bb,,,
EJGCSDKE,workerB,s0,11338786,sw-B0,message_send,ch3,w2c,dd,,,
E29K32PT,workerA,s1,18497245,sw-A1,message_send,ch2,w2c,ee,,,
EPLHNH9A,workerA,s1,22183872,sw-A1,message_recv,ch2,c2w,bb,,,
E32L7NC5,rendererA,s0,15798763,doc-A1,message_recv,ch1,w2c,cc,,,
EQ2GTX3Y,rendererA,s1,24903485,doc-A2,message_recv,ch2,w2c,aa,,,
E3BA3EYF,rendererB,s1,17597774,bg-rendererB-s1,microtask,,,cc,,,
E9KR7HHM,rendererB,s0,10297347,doc-B1,interaction,,,,,,QZSQKMMY2W
EU6YWMAD,rendererA,s1,24776257,doc-A2,message_send,ch2,c2w,bb,,,
EGJGNTFF,rendererA,s0,19624321,doc-A1,message_recv,ch3,w2c,bb,,,
EUV9H4P7,rendererB,s1,16378790,doc-B3,client_step,,,,EE9SY6B3,,
EWMGTVDB,rendererB,s0,7742682,bg-rendererB-s0,paint,,,ee,,,
EXUQ5ZT5,workerB,s1,8550231,bg-workerB-s1,timer,,,aa,,,
EZ6S5FHL,workerA,s1,12480934,bg-workerA-s1,timer,,,ee,,,
ELBN8W4V,rendererA,s0,19635320,doc-A1,message_recv,ch3,w2c,bb,,,
EQJUC4UY,rendererB,s0,6555571,bg-rendererB-s0,paint,,,dd,,,
EDPHWQW6,workerA,s0,7344183,sw-A0,worker_step,,,,ELMV86N7,,QAGKE8XKDF
EE9UGW8N,rendererA,s1,22288745,doc-A2,message_recv,ch1,w2c,bb,,,
E5GMD6VK,rendererB,s1,8129457,doc-B2,message_recv,ch2,w2c,dd,,,
EGWB5AWJ,rendererA,s1,23126993,doc-A2,message_send,ch2,c2w,ee,,,
E8BC7RKS,workerB,s1,18708501,bg-workerB-s1,timer,,,cc,,,
EW33NN4H,rendererB,s1,14576683,doc-B2,message_recv,ch1,w2c,aa,,,
EMUTABE7,workerB,s0,16228442,sw-B0,message_recv,ch3,c2w,cc,,,
E7X6YJSH,rendererA,s0,20656514,doc-A1,client_step,,,,E7FZDEKE,,
E8M9E87K,rendererA,s0,19415200,bg-rendererA-s0,timer,,,cc,,,
EHHNZN4X,rendererA,s1,10258789,doc-A2,error,,,,EQ6A4X6W,I004,QGSHKGMLCS
EXASH2CT,workerA,s1,18074067,sw-A1,message_recv,ch2,c2w,dd,,,
ES5HVXBH,rendererA,s0,5798794,doc-A1,message_send,ch2,c2w,ee,EN9NABZ5,,
ELTB5Q7J,workerA,s0,19453737,sw-A0,message_send,ch1,w2c,dd,,,
ERLDDW2N,rendererA,s0,12766002,doc-A1,message_recv,ch3,w2c,ee,,,
EF4A7AN9,rendererA,s0,2754926,bg-rendererA-s0,timer,,,aa,,,
EBRSR8EX,rendererA,s0,4686970,doc-A1,message_send,ch1,c2w,cc,EGKSTQMN,,
EBDY3CBZ,rendererA,s1,24710153,doc-A2,message_send,ch2,c2w,bb,ER5KPY39,,
EF78W4KF,rendererA,s1,15584180,doc-A2,message_send,ch3,c2w,dd,,,
EPWHL6QS,rendererB,s1,18432734,doc-B2,message_recv,ch1,w2c,aa,,,
E3BSNP25,rendererB,s1,18260899,doc-B2,interaction,,,,,,QJR6Q7D2J7
EXBX99LQ,rendererA,s0,13817287,doc-A1,message_recv,ch4,w2c,ee,,,
EDRN5ZLP,workerB,s0,10473013,sw-B0,message_send,ch3,w2c,aa,EWHMMRK9,,
EMMJPF97,workerA,s0,15099520,sw-A0,message_send,ch1,w2c,ee,,,
EJAHF4KY,rendererA,s1,13409933,doc-A2,message_send,ch4,c2w,ee,,,
EH2SG82M,workerB,s0,22832012,sw-B0,message_send,ch3,w2c,cc,,,
EHQJ6NDA,rendererA,s1,11319626,doc-A2,message_send,ch1,c2w,ee,,,
EX5WM6HC,rendererA,s0,20492597,doc-A1,message_send,ch4,c2w,cc,,,
EE3NY7YJ,workerA,s1,13857387,sw-A1,message_recv,ch2,c2w,aa,,,
EYZHMGP3,rendererB,s1,12469506,doc-B2,message_recv,ch1,w2c,dd,,,
EFWBU7LE,rendererB,s0,10543646,doc-B1,error,,,,EH4B8D53,I007,QK6UBBWPVP
EFQVSANL,workerA,s1,22285099,sw-A1,message_send,ch2,w2c,aa,,,
E5B4UMC2,rendererA,s0,18990613,doc-A3,message_recv,ch2,w2c,ee,,,
EVZKG9HF,workerB,s1,19115436,sw-B1,message_send,ch4,w2c,aa,,,
EB5QNS56,rendererB,s1,12250328,doc-B2,message_send,ch1,c2w,bb,,,
ERN2YLZA,rendererA,s1,10300743,doc-A2,message_recv,ch4,w2c,cc,,,
E8L9GTDE,workerA,s1,9966807,sw-A1,message_send,ch2,w2c,bb,,,
ENENSXWG,rendererA,s0,5970270,doc-A1,message_recv,ch2,w2c,cc,,,
EY99Y6WJ,rendererA,s1,12466441,doc-A2,message_recv,ch3,w2c,bb,,,
ETKA2F77,rendererA,s1,20132609,doc-A2,message_recv,ch4,w2c,ee,,,
EP7Z6BWQ,workerB,s0,13798464,sw-B0,message_send,ch3,w2c,bb,,,
EUVNQ3QA,workerB,s0,21198087,sw-B0,message_send,ch3,w2c,aa,,,
ELGGXTDU,workerA,s0,18838340,bg-workerA-s0,paint,,,dd,,,
EGPCXEH2,rendererA,s0,10280309,doc-A1,message_send,ch1,c2w,aa,,,
E7V6TGQL,workerB,s0,10525482,sw-B0,message_send,ch3,w2c,aa,,,
E3KE2KUH,workerA,s0,24182221,sw-A0,message_recv,ch1,c2w,ee,,,
E5JQSMR5,rendererB,s0,11413468,doc-B1,client_step,,,,EJMKSRPS,,
ET9EKSL4,rendererA,s0,19194723,doc-A1,message_send,ch3,c2w,aa,,,
E8637UQZ,workerB,s1,16675738,sw-B1,message_send,ch4,w2c,cc,,,
EJ8SYJFX,rendererA,s1,10308313,bg-rendererA-s1,microtask,,,bb,,,
EMRNQZ8W,workerB,s0,17081892,sw-B0,message_send,ch3,w2c,aa,,,
E2VNNRCY,workerA,s0,21561520,sw-A0,message_send,ch1,w2c,aa,,,
EZ3MDGTZ,rendererB,s1,21661998,bg-rendererB-s1,microtask,,,bb,,,
E4DL9ALD,workerB,s1,20962790,sw-B1,worker_step,,,,ESMJS5TR,,QYBCZZK6NT
E4DYSZSM,workerB,s1,19857649,sw-B1,message_recv,ch4,c2w,ee,,,
ER9XGN2L,workerB,s1,16825143,sw-B1,worker_step,,,,E62D43F2,,Q25MZ3PLGG
ER9XACGE,workerB,s0,14662137,sw-B0,message_send,ch3,w2c,cc,,,
E7VTKSAG,rendererB,s1,19328646,doc-B2,message_send,ch2,c2w,dd,E6G9XQ89,,
EE5F4NKD,rendererA,s0,16080428,doc-A1,message_recv,ch3,w2c,dd,,,
E4Y27SZ9,workerA,s1,13932892,sw-A1,message_send,ch2,w2c,bb,E6TFYAPK,,
E7XD3227,rendererB,s0,10579909,bg-rendererB-s0,paint,,,dd,,,
EME3D639,workerB,s1,13203693,bg-workerB-s1,timer,,,aa,,,
E9VQ5QTZ,rendererA,s0,19643203,doc-A1,error,,,,EWM92M2T,I015,QUKV6GQU7Y
EBSNGAK6,rendererB,s1,6190976,bg-rendererB-s1,microtask,,,aa,,,
ES6GA7JJ,rendererB,s1,13514417,doc-B2,message_recv,ch2,w2c,dd,,,
E4V8GTJH,rendererA,s0,22447617,bg-rendererA-s0,timer,,,ee,,,
E6CVU7H3,rendererA,s0,14446748,doc-A3,error,,,,E5FKTVPU,I010,QLYZABHURP
E3SQKCBF,rendererA,s1,23899815,doc-A2,error,,,,EWL42JWF,I017,QUCMEHMAX8
EX25X79K,workerA,s1,7744743,sw-A1,message_recv,ch2,c2w,cc,,,
E55NDHSQ,workerA,s0,15834955,sw-A0,worker_step,,,,EEYYFJFR,,QEGFFT8E9S
ENBPGSLF,rendererB,s1,11111332,doc-B2,client_step,,,,EK72S8Q9,,
EN7ADBPR,rendererB,s0,12300789,bg-rendererB-s0,paint,,,bb,,,
EX3LV6X5,workerA,s0,20079521,sw-A0,message_send,ch1,w2c,aa,ENAKKBY8,,
EBQY6T9Q,workerB,s1,9259820,sw-B1,message_recv,ch4,c2w,bb,,,
EZ5AE844,workerA,s0,11591706,sw-A0,worker_step,,,,EPB6FPNF,,QE2WFK6VBQ
E8AM6DZ9,workerB,s1,9333622,sw-B1,message_send,ch4,w2c,dd,,,
EYSEN68C,rendererA,s1,9030529,doc-A2,message_send,ch3,c2w,aa,,,
EQSRAT9M,workerB,s1,20991211,sw-B1,message_send,ch4,w2c,ee,E4DL9ALD,,
ETF49ZPV,workerA,s0,15862523,sw-A0,message_send,ch1,w2c,dd,E55NDHSQ,,
EPAQBXZN,rendererB,s1,15457124,doc-B2,message_send,ch2,c2w,dd,,,
E78MPN8E,workerA,s0,7381658,sw-A0,message_send,ch1,w2c,ee,EDPHWQW6,,
EBHR9EGY,workerB,s1,16125247,bg-workerB-s1,timer,,,ee,,,
E4RZHNFK,rendererA,s1,9144167,doc-A2,message_recv,ch3,w2c,aa,,,
EZ5SPSRY,workerB,s0,24424841,bg-workerB-s0,paint,,,aa,,,
EXPBFQU9,rendererA,s0,20207676,doc-A1,message_send,ch4,c2w,aa,,,
ENVWURR5,workerB,s0,20271490,bg-workerB-s0,paint,,,cc,,,
E3GAAP7H,rendererA,s0,17914988,doc-A3,message_recv,ch1,w2c,ee,,,
E8CQXPWP,workerA,s1,9690168,sw-A1,message_send,ch2,w2c,ee,EPRW58KT,,
EDGSE3MJ,rendererB,s1,17007909,doc-B3,message_send,ch4,c2w,aa,,,
EJHVKY4T,workerA,s1,16376470,sw-A1,message_recv,ch2,c2w,aa,,,
EWDQT5DC,workerB,s1,14972323,sw-B1,message_recv,ch4,c2w,dd,,,
EQ655M59,rendererB,s1,19406700,doc-B2,message_send,ch2,c2w,dd,,,
EY22LF8C,workerB,s0,21143478,sw-B0,message_recv,ch3,c2w,dd,,,
EG6GNDX3,rendererA,s0,15927503,doc-A1,message_send,ch3,c2w,bb,,,
EFL2XKPG,workerA,s1,19613418,sw-A1,message_send,ch2,w2c,aa,,,
E4LG5VYR,rendererB,s0,10370986,doc-B1,message_recv,ch3,w2c,cc,,,
EF4VWR7T,rendererA,s1,16779054,doc-A2,message_recv,ch4,w2c,aa,,,
EYQ4T2DK,rendererB,s0,15296772,bg-rendererB-s0,timer,,,ee,,,
E7Z78UB5,rendererA,s0,7186112,doc-A3,message_recv,ch1,w2c,ee,,,
EQFBDJWB,rendererA,s0,9481382,bg-rendererA-s0,timer,,,cc,,,
EC7B76KH,rendererB,s1,19317116,doc-B3,message_send,ch3,c2w,ee,,,
EKCNSSKY,workerA,s1,18138028,sw-A1,message_send,ch2,w2c,dd,EH8MVP5V,,
EJM32UQ6,rendererB,s1,18686646,doc-B2,message_send,ch2,c2w,bb,,,
EMTPCB22,rendererA,s0,20451170,doc-A1,message_send,ch4,c2w,cc,E9H75L49,,
E7TJAP37,workerA,s1,17472786,sw-A1,message_send,ch2,w2c,dd,,,
EDSD4KTW,workerA,s1,5476655,sw-A1,message_send,ch2,w2c,cc,EAS9TZK7,,
ECJY8D8B,rendererB,s1,17210596,doc-B3,interaction,,,,,,Q57PCLYXKG
E9GCPXLH,workerA,s0,14072569,sw-A0,message_send,ch1,w2c,dd,,,
EPB6FPNF,workerA,s0,11573227,sw-A0,message_recv,ch1,c2w,aa,,,
ETT6Z8GS,rendererA,s0,13502859,doc-A3,message_send,ch2,c2w,cc,,,
ECW8ZMLJ,workerB,s0,23123490,sw-B0,worker_step,,,,E775FKRH,,QEGV4H4JTK
ERTPR6ZD,workerB,s1,16821441,sw-B1,message_recv,ch4,c2w,ee,,,
EML3U7CV,rendererA,s0,17772777,doc-A3,message_send,ch1,c2w,cc,,,
ELZASZ9H,rendererA,s1,19874633,doc-A2,message_send,ch4,c2w,cc,,,
E3S9A9H2,workerA,s0,20401772,sw-A0,message_recv,ch1,c2w,cc,,,
EGWW7FAQ,workerA,s1,22205621,sw-A1,worker_step,,,,EPLHNH9A,,QQUPFHUW8M
EG7376GJ,rendererB,s1,20833470,doc-B2,message_send,ch2,c2w,dd,,,
EKLPXH4B,rendererA,s0,22069508,bg-rendererA-s0,timer,,,ee,,,
E8W4RBXN,rendererB,s1,10906561,doc-B2,message_send,ch2,c2w,cc,EMLVNYZL,,
EJKYZA6T,workerA,s1,11030247,sw-A1,message_send,ch2,w2c,cc,,,
EJYQWXV8,workerA,s1,21742192,sw-A1,message_send,ch2,w2c,cc,,,
EGWS9XPW,rendererA,s0,14912073,bg-rendererA-s0,timer,,,ee,,,
EGRRWRZH,workerB,s1,8482432,sw-B1,message_send,ch4,w2c,cc,,,
E2S2G7F3,rendererB,s1,17369371,doc-B3,message_recv,ch4,w2c,cc,,,
E3MGZH3U,workerA,s1,20552737,sw-A1,message_recv,ch2,c2w,ee,,,
EYD5KXRV,rendererB,s0,9177816,bg-rendererB-s0,paint,,,cc,,,
E5TJ8ED5,rendererA,s0,13352747,doc-A3,client_step,,,,EL9TQ587,,
EUN3CGKF,workerA,s0,11611503,sw-A0,message_send,ch1,w2c,bb,EZ5AE844,,
ENSG57YR,workerA,s0,24200883,sw-A0,worker_step,,,,E3KE2KUH,,QGS3SLJQS7
ESX3XZZ4,rendererB,s1,16391642,doc-B3,error,,,,EUV9H4P7,I011,QCHZHGFVXX
E2W8L7UL,rendererB,s0,10234019,doc-B1,message_send,ch3,c2w,aa,,,
E46V2DST,rendererA,s1,9201362,doc-A2,message_recv,ch3,w2c,cc,,,
ENAJUER8,workerB,s0,14758290,sw-B0,worker_step,,,,E9D5HEP4,,QZXEM6QPPF
EUUDFUHX,workerA,s0,24238630,sw-A0,message_send,ch1,w2c,cc,ENSG57YR,,
ELEXYUVL,rendererB,s0,7308228,bg-rendererB-s0,timer,,,bb,,,
ENMCFDGL,rendererA,s1,9133167,doc-A2,message_recv,ch3,w2c,aa,,,
EEJEAVA3,rendererB,s1,10026520,doc-B2,client_step,,,,E85P67NF,,
E3BVXBHA,rendererB,s0,11788093,bg-rendererB-s0,paint,,,aa,,,
EQHFA2SN,workerA,s0,7583904,sw-A0,message_send,ch1,w2c,cc,,,
EXQ5VKP3,rendererB,s1,6982283,doc-B2,message_recv,ch1,w2c,dd,,,
EE336AU7,workerB,s1,20787054,sw-B1,message_send,ch4,w2c,cc,,,
E6H6EG62,rendererB,s0,17801112,doc-B1,message_send,ch4,c2w,dd,,,
E5XHRVDH,rendererA,s1,22120661,doc-A2,message_send,ch1,c2w,ee,,,
E9CTBJYH,workerA,s0,10790348,sw-A0,message_send,ch1,w2c,aa,,,
ENC4Q9QX,rendererB,s1,21892547,bg-rendererB-s1,microtask,,,ee,,,
ET8JNNY5,rendererB,s0,11365984,bg-rendererB-s0,microtask,,,dd,,,
ECE8PG66,rendererB,s0,8200310,doc-B1,message_recv,ch4,w2c,dd,,,
E7Z5QL2J,rendererB,s0,10337346,doc-B1,message_send,ch3,c2w,ee,E9KR7HHM,,
ENHHXNHV,workerB,s1,11701626,sw-B1,message_recv,ch4,c2w,ee,,,
E5T2JJ88,workerB,s0,10528640,sw-B0,message_send,ch3,w2c,cc,,,
EMX9X9L8,rendererB,s0,11273242,doc-B1,message_send,ch4,c2w,bb,EPTP4MV4,,
EEJ46WN4,rendererB,s1,18851720,doc-B2,message_recv,ch2,w2c,dd,,,
EALRV8G7,workerA,s1,9897549,sw-A1,message_recv,ch2,c2w,ee,,,
E5NLPKKA,rendererA,s1,10073889,doc-A2,message_send,ch4,c2w,dd,EXNY76CU,,
E7BUZA8L,workerB,s0,22018888,sw-B0,message_recv,ch3,c2w,ee,,,
EZ8YW7YR,workerA,s1,22193873,sw-A1,message_recv,ch2,c2w,bb,,,
EPBRLZYZ,workerA,s1,5442466,sw-A1,message_recv,ch2,c2w,ee,,,
ED5UUAHC,rendererB,s1,11110669,doc-B2,message_recv,ch2,w2c,ee,,,
EAD9UFH6,rendererB,s1,19519140,doc-B2,message_recv,ch2,w2c,dd,,,
EACRJJ4P,rendererA,s0,14204171,doc-A3,message_send,ch2,c2w,aa,EGDK3EQW,,
EJ57N2G5,rendererB,s1,17379627,doc-B3,client_step,,,,E2S2G7F3,,
EXXW7PWC,workerA,s0,22201909,bg-workerA-s0,microtask,,,ee,,,
EL9TQ587,rendererA,s0,13344556,doc-A3,message_recv,ch1,w2c,dd,,,
EVMTKR9F,rendererA,s0,5980500,doc-A1,client_step,,,,ENENSXWG,,
E2PKS5VA,rendererA,s1,14670481,bg-rendererA-s1,paint,,,cc,,,
ED45DERA,rendererA,s0,16143499,bg-rendererA-s0,paint,,,bb,,,
ED2BFUTR,workerA,s1,18528078,bg-workerA-s1,paint,,,aa,,,
ES2Y6BYW,rendererA,s0,10386758,doc-A1,message_send,ch4,c2w,dd,,,
E68H2S5F,rendererB,s1,12719160,doc-B3,message_send,ch3,c2w,bb,,,
E5BWZ5X5,rendererB,s1,3688645,bg-rendererB-s1,timer,,,aa,,,
EA5NHXNJ,rendererB,s1,20289454,doc-B3,message_send,ch4,c2w,ee,,,
EPQ82VJG,workerA,s1,6710505,sw-A1,message_recv,ch2,c2w,bb,,,
