frame_id,event_id,load_id,chunk,asset_offset_bytes
QEGFFT8E9S,E55NDHSQ,L001,shell.js,764
QNQ9YDLV2J,EGDK3EQW,L002,editor.js,4929
QGSHKGMLCS,EHHNZN4X,L008,editor.js,1915
QDTUR4DKLT,EGKSTQMN,L001,shell.js,607
QHN9TFXYJK,E3PCQBHC,L018,shell.js,3804
QLPQ3JBYWZ,EAGHB75V,L006,editor.js,1759
QQUPFHUW8M,EGWW7FAQ,L018,shell.js,3756
QSHCCAAUDY,E8UQXGH2,L009,editor.js,340
QUCMEHMAX8,E3SQKCBF,L003,shell.js,3998
QLPDYLQRS7,EHBH37T9,L013,shell.js,2738
QLYZABHURP,E6CVU7H3,L016,editor.js,1272
QMT8LGC2WD,E5Q4KG7U,L003,shell.js,498
QYBCZZK6NT,E4DL9ALD,L012,editor.js,2049
QCHZHGFVXX,ESX3XZZ4,L015,shell.js,3224
QGS3SLJQS7,ENSG57YR,L005,shell.js,4928
Q4HS6ES5L4,EEVA3FST,L002,editor.js,896
Q6YHDDUZ6X,E64289YB,L001,shell.js,559
Q57PCLYXKG,ECJY8D8B,L002,editor.js,824
QGAPRL3FH7,EYT7NAT8,L005,shell.js,1404
QSG7WU86GC,EPRW58KT,L007,shell.js,6071
Q9NFYHT95M,ED4U7BC5,L011,shell.js,1360
Q6UTTQQSTT,EU9J8AZ3,L013,shell.js,2762
QLPKJ4DQLC,E6W8N9V6,L004,editor.js,2205
QK6UBBWPVP,EFWBU7LE,L012,editor.js,2557
QJR6Q7D2J7,E3BSNP25,L003,shell.js,498
QZXEM6QPPF,ENAJUER8,L013,shell.js,2822
Q9LGTFZHUA,E9H75L49,L004,editor.js,740
QMC78E7GVY,EH8MVP5V,L013,shell.js,48
QE8AWAZKUT,ER5KPY39,L003,shell.js,982
QQPLKL2SZP,EM4XNQUA,L001,shell.js,559
Q75M9CW7ZP,EQQNHDMQ,L004,editor.js,1224
QEGV4H4JTK,ECW8ZMLJ,L017,editor.js,1891
QE2WFK6VBQ,EZ5AE844,L010,shell.js,2363
QELWQ2LNMX,EADT2T2W,L003,shell.js,934
QSL5QU6RS4,ECNFK2Z5,L006,editor.js,1673
QAGKE8XKDF,EDPHWQW6,L010,shell.js,1892
Q5HPSJL89Q,EUGPPSZV,L010,shell.js,5138
QG974HVMV7,EUM5MA8Z,L004,editor.js,1164
Q6LPDGWN6F,ENAKKBY8,L009,editor.js,1963
QM9CL74RG6,EXNY76CU,L005,shell.js,4928
QKP7L6VT8Y,EQZPEESJ,L015,shell.js,3296
QJ9MHTQ97N,ENX8LWLR,L004,editor.js,1164
QZSQKMMY2W,E9KR7HHM,L006,editor.js,1199
Q25MZ3PLGG,ER9XGN2L,L007,shell.js,3514
QZGZD3VSM8,EAS9TZK7,L016,editor.js,2980
QW3C38A87H,E3VXHSLY,L005,shell.js,1404
QH574QKP3U,EN9NABZ5,L006,editor.js,1759
QH4B7FN5BB,ERNGXV9H,L001,shell.js,607
QUKV6GQU7Y,E9VQ5QTZ,L016,editor.js,3464
QVU2VXXZJY,EMLVNYZL,L006,editor.js,1140
QJX533L8W5,EWHMMRK9,L009,editor.js,2025
Q75A6NBA3J,EPTP4MV4,L005,shell.js,1330
QFNPQ2ETBY,E6G9XQ89,L006,editor.js,1673
QTNZ5EP2WK,E6TFYAPK,L017,editor.js,3562
