process,segment,sample_id,local_us,capture_us
workerA,s0,workerA-s0-P4,11772446,10523173
rendererB,s1,rendererB-s1-P6,18913481,19342406
workerB,s1,workerB-s1-P1,1148366,2068347
workerB,s0,workerB-s0-P6,19115550,16896123
rendererA,s1,rendererA-s1-P6,18834357,18013615
workerA,s0,workerA-s0-P8,26314783,25060243
workerB,s0,workerB-s0-P7,22574136,20354851
rendererA,s0,rendererA-s0-P4,11876146,13226588
rendererB,s0,rendererB-s0-P1,1021873,3121944
rendererB,s1,rendererB-s1-P8,26249471,26687973
rendererB,s0,rendererB-s0-P4,11846511,13946771
workerB,s1,workerB-s1-P4,11813586,12733018
workerB,s1,workerB-s1-P6,18926032,19845207
workerA,s1,workerA-s1-P2,4764459,6544263
workerB,s0,workerB-s0-P1,1122472,-1097577
rendererB,s0,rendererB-s0-P6,18914192,21014602
workerB,s1,workerB-s1-P5,15559653,16478974
workerB,s0,workerB-s0-P9,29684530,27465590
rendererA,s0,rendererA-s0-P1,882486,2232483
rendererA,s1,rendererA-s1-P1,1176402,356302
rendererA,s0,rendererA-s0-P5,15224302,16574920
workerB,s0,workerB-s0-P4,11886474,9666877
rendererB,s0,rendererB-s0-P3,8349409,10454960
rendererA,s1,rendererA-s1-P5,15435029,14614436
workerA,s1,workerA-s1-P3,8372890,10161750
rendererB,s1,rendererB-s1-P2,4564718,4994515
workerA,s1,workerA-s1-P7,22662068,24441590
rendererB,s0,rendererB-s0-P2,4650605,6750602
rendererA,s1,rendererA-s1-P4,11648037,10827566
workerA,s0,workerA-s0-P3,8326995,7071420
workerA,s0,workerA-s0-P2,4632929,3383153
workerA,s0,workerA-s0-P6,18930644,17681875
rendererA,s1,rendererA-s1-P3,8180944,7371249
rendererB,s0,rendererB-s0-P8,26232930,28338640
rendererB,s1,rendererB-s1-P4,11902300,12331683
rendererB,s1,rendererB-s1-P3,8197615,8635963
rendererA,s1,rendererA-s1-P2,4466431,3646268
rendererB,s1,rendererB-s1-P9,29724129,30152477
rendererB,s1,rendererB-s1-P5,15252607,15681765
workerA,s1,workerA-s1-P8,26106769,27880720
rendererA,s0,rendererA-s0-P7,22669371,24020365
rendererB,s0,rendererB-s0-P9,29764776,31865255
rendererA,s0,rendererA-s0-P9,29764209,31115383
workerA,s0,workerA-s0-P1,1111223,-138737
workerB,s1,workerB-s1-P7,22587233,23506239
rendererA,s0,rendererA-s0-P6,19173702,20524510
workerB,s0,workerB-s0-P2,4773180,2553306
workerB,s1,workerB-s1-P9,29813750,30732359
rendererB,s1,rendererB-s1-P1,870849,1300828
workerB,s1,workerB-s1-P2,4420014,5339784
rendererA,s0,rendererA-s0-P3,8283733,9627064
rendererB,s0,rendererB-s0-P7,22489612,24590038
workerA,s1,workerA-s1-P5,15317898,17097522
workerB,s0,workerB-s0-P5,15410189,13190610
rendererA,s1,rendererA-s1-P8,26153816,25340032
rendererA,s0,rendererA-s0-P8,26159336,27501082
workerA,s0,workerA-s0-P5,15458207,14209067
rendererB,s1,rendererB-s1-P7,22646902,23075743
workerB,s0,workerB-s0-P3,8142885,5913569
workerB,s1,workerB-s1-P3,8279506,9193821
rendererA,s1,rendererA-s1-P7,22719669,21898903
workerB,s1,workerB-s1-P8,26344689,27252851
workerA,s0,workerA-s0-P9,29710464,28462220
rendererA,s1,rendererA-s1-P9,29666993,28845836
workerA,s1,workerA-s1-P4,11914449,13694164
workerA,s1,workerA-s1-P9,29839716,31618957
workerA,s0,workerA-s0-P7,22772905,21524334
workerA,s1,workerA-s1-P6,19049971,20829445
workerA,s1,workerA-s1-P1,1067989,2847986
rendererB,s0,rendererB-s0-P5,15486236,17586557
rendererA,s0,rendererA-s0-P2,4628331,5978506
workerB,s0,workerB-s0-P8,26099732,23886996
