frame_id,incident_id,stack_order,client,load_id,chunk,error_ts_ms,asset_offset_bytes
F001-0,I001,0,c01,L001,shell.js,3307,764
F001-1,I001,1,c01,L002,editor.js,3307,4929
F001-2,I001,2,c01,L001,shell.js,3307,607
F001-3,I001,3,c01,L002,editor.js,3307,896
F002-0,I002,0,c01,L002,editor.js,3334,1248
F002-1,I002,1,c01,L001,shell.js,3334,559
F002-2,I002,2,c01,L002,editor.js,3334,824
F002-3,I002,3,c01,L001,shell.js,3334,3005
F003-0,I003,0,c02,L003,shell.js,5521,498
F003-1,I003,1,c02,L004,editor.js,5521,740
F003-2,I003,2,c02,L003,shell.js,5521,982
F003-3,I003,3,c02,L004,editor.js,5521,1224
F004-0,I004,0,c02,L004,editor.js,5558,2205
F004-1,I004,1,c02,L003,shell.js,5558,934
F004-2,I004,2,c02,L004,editor.js,5558,1164
F004-3,I004,3,c02,L003,shell.js,5558,3998
F005-0,I005,0,c04,L005,shell.js,6535,4928
F005-1,I005,1,c04,L006,editor.js,6535,1199
F005-2,I005,2,c04,L005,shell.js,6535,1404
F005-3,I005,3,c04,L006,editor.js,6535,1759
F006-0,I006,0,c04,L006,editor.js,6562,1140
F006-1,I006,1,c04,L005,shell.js,6562,1330
F006-2,I006,2,c04,L006,editor.js,6562,1673
F006-3,I006,3,c04,L005,shell.js,6562,5668
F007-0,I007,0,c03,L007,shell.js,10149,3514
F007-1,I007,1,c03,L008,editor.js,10149,1429
F007-2,I007,2,c03,L007,shell.js,10149,1734
F007-3,I007,3,c03,L008,editor.js,10149,1915
F008-0,I008,0,c03,L008,editor.js,10176,4446
F008-1,I008,1,c03,L007,shell.js,10176,1674
F008-2,I008,2,c03,L008,editor.js,10176,1865
F008-3,I008,3,c03,L007,shell.js,10176,6071
F009-0,I009,0,c05,L009,editor.js,10263,4931
F009-1,I009,1,c05,L010,shell.js,10263,1892
F009-2,I009,2,c05,L009,editor.js,10263,2025
F009-3,I009,3,c05,L010,shell.js,10263,2363
F010-0,I010,0,c05,L010,shell.js,10320,5138
F010-1,I010,1,c05,L009,editor.js,10320,1963
F010-2,I010,2,c05,L010,shell.js,10320,2291
F010-3,I010,3,c05,L009,editor.js,10320,340
F011-0,I011,0,c06,L011,shell.js,10377,5647
F011-1,I011,1,c06,L012,editor.js,10377,2097
F011-2,I011,2,c06,L011,shell.js,10377,2449
F011-3,I011,3,c06,L012,editor.js,10377,2605
F012-0,I012,0,c06,L012,editor.js,10414,2049
F012-1,I012,1,c06,L011,shell.js,10414,2398
F012-2,I012,2,c06,L012,editor.js,10414,2557
F012-3,I012,3,c06,L011,shell.js,10414,1360
F013-0,I013,0,c04,L013,shell.js,11591,48
F013-1,I013,1,c04,L014,editor.js,11591,2497
F013-2,I013,2,c04,L013,shell.js,11591,2822
F013-3,I013,3,c04,L014,editor.js,11591,2981
F014-0,I014,0,c04,L014,editor.js,11618,265
F014-1,I014,1,c04,L013,shell.js,11618,2762
F014-2,I014,2,c04,L014,editor.js,11618,2932
F014-3,I014,3,c04,L013,shell.js,11618,2738
F015-0,I015,0,c01,L015,shell.js,14105,4931
F015-1,I015,1,c01,L016,editor.js,14105,2980
F015-2,I015,2,c01,L015,shell.js,14105,3296
F015-3,I015,3,c01,L016,editor.js,14105,3464
F016-0,I016,0,c01,L016,editor.js,14132,1272
F016-1,I016,1,c01,L015,shell.js,14132,3224
F016-2,I016,2,c01,L016,editor.js,14132,3404
F016-3,I016,3,c01,L015,shell.js,14132,3272
F017-0,I017,0,c02,L017,editor.js,14219,1891
F017-1,I017,1,c02,L018,shell.js,14219,3381
F017-2,I017,2,c02,L017,editor.js,14219,3562
F017-3,I017,3,c02,L018,shell.js,14219,3804
F018-0,I018,0,c02,L018,shell.js,14246,3332
F018-1,I018,1,c02,L017,editor.js,14246,3514
F018-2,I018,2,c02,L018,shell.js,14246,3756
F018-3,I018,3,c02,L017,editor.js,14246,4129
