incident_id,client,error_ts_ms,route
I001,c01,3307,/workspace/1
I002,c01,3334,/workspace/2
I003,c02,5521,/workspace/3
I004,c02,5558,/workspace/0
I005,c04,6535,/workspace/1
I006,c04,6562,/workspace/2
I007,c03,10149,/workspace/3
I008,c03,10176,/workspace/0
I009,c05,10263,/workspace/1
I010,c05,10320,/workspace/2
I011,c06,10377,/workspace/3
I012,c06,10414,/workspace/0
I013,c04,11591,/workspace/1
I014,c04,11618,/workspace/2
I015,c01,14105,/workspace/3
I016,c01,14132,/workspace/0
I017,c02,14219,/workspace/1
I018,c02,14246,/workspace/2
