revision,intermediate_source,map_path
r17,compiled/shell_part0.js,module_maps/r17/shell_part0.map
r17,compiled/shell_part1.js,module_maps/r17/shell_part1.map
r17,compiled/shell_part2.js,module_maps/r17/shell_part2.map
r17,compiled/editor_part0.js,module_maps/r17/editor_part0.map
r17,compiled/editor_part1.js,module_maps/r17/editor_part1.map
r17,compiled/editor_part2.js,module_maps/r17/editor_part2.map
r18,compiled/shell_part0.js,module_maps/r18/shell_part0.map
r18,compiled/shell_part1.js,module_maps/r18/shell_part1.map
r18,compiled/shell_part2.js,module_maps/r18/shell_part2.map
r18,compiled/editor_part0.js,module_maps/r18/editor_part0.map
r18,compiled/editor_part1.js,module_maps/r18/editor_part1.map
r18,compiled/editor_part2.js,module_maps/r18/editor_part2.map
r19,compiled/shell_part0.js,module_maps/r19/shell_part0.map
r19,compiled/shell_part1.js,module_maps/r19/shell_part1.map
r19,compiled/shell_part2.js,module_maps/r19/shell_part2.map
r19,compiled/editor_part0.js,module_maps/r19/editor_part0.map
r19,compiled/editor_part1.js,module_maps/r19/editor_part1.map
r19,compiled/editor_part2.js,module_maps/r19/editor_part2.map
r20,compiled/shell_part0.js,module_maps/r20/shell_part0.map
r20,compiled/shell_part1.js,module_maps/r20/shell_part1.map
r20,compiled/shell_part2.js,module_maps/r20/shell_part2.map
r20,compiled/editor_part0.js,module_maps/r20/editor_part0.map
r20,compiled/editor_part1.js,module_maps/r20/editor_part1.map
r20,compiled/editor_part2.js,module_maps/r20/editor_part2.map
