event_id,process,segment,tag
EMUTABE7,workerB,s0,23
EXXW7PWC,workerA,s0,8
E3WSTBXZ,workerA,s1,14
EHGDZYAZ,rendererA,s1,12
ET965HN8,workerB,s0,9
EKCNSSKY,workerA,s1,10
ELYZJHZG,rendererB,s1,4
E3ZVVY9Y,workerB,s1,6
E9VQ5QTZ,rendererA,s0,14
EZ5AE844,workerA,s0,3
EUPE6GTA,rendererB,s0,8
EF4A7AN9,rendererA,s0,5
ENRJ6K4C,workerA,s1,1
E55NDHSQ,workerA,s0,20
EJ8SYJFX,rendererA,s1,7
E4Y27SZ9,workerA,s1,15
EPLHNH9A,workerA,s1,18
ESKRCUCT,workerB,s0,13
ER9XGN2L,workerB,s1,21
ENBRY5JZ,workerA,s0,14
ECJY8D8B,rendererB,s1,1
EEGN4UA6,workerA,s1,18
ELZASZ9H,rendererA,s1,15
E3SQKCBF,rendererA,s1,2
EFG595EQ,rendererB,s1,11
E2PHPJFY,workerB,s1,3
EXEHAQV6,workerA,s0,3
EGYAT8CG,rendererB,s1,9
EWHMMRK9,workerB,s0,8
E78MPN8E,workerA,s0,0
E6CXJJ5U,rendererA,s0,10
ER5KPY39,rendererA,s1,13
ELMV86N7,workerA,s0,12
ENBPGSLF,rendererB,s1,100
EMGPQKQK,workerB,s1,5
E8VPMDCP,workerA,s0,2
EHMAETWP,workerB,s1,1
E2PKS5VA,rendererA,s1,7
EADT2T2W,rendererA,s0,20
E6N5UVXX,rendererB,s0,10
EUGPPSZV,workerB,s0,11
E3U6Z989,rendererA,s1,7
ER5P7KXM,workerA,s0,3
EALRV8G7,workerA,s1,10
EGL2KSLW,rendererB,s0,13
EK298VMW,workerA,s1,1
E6G3NZ78,rendererA,s0,8
EZ92NF4A,rendererB,s1,7
EC7CAFG3,rendererA,s0,14
EWVHU2LD,rendererA,s1,21
EY99Y6WJ,rendererA,s1,9
EAM2PVWD,workerB,s1,19
E5GMD6VK,rendererB,s1,3
EF4VWR7T,rendererA,s1,23
EUEMUJQJ,rendererA,s1,18
EZ8LHL4D,rendererB,s1,17
EHE4FC3P,workerB,s0,11
ENENSXWG,rendererA,s0,7
EJHVKY4T,workerA,s1,12
ER2MP9JD,rendererB,s1,11
EJAQUUQ6,workerB,s1,10
E47LHUY7,rendererB,s1,7
ESX3XZZ4,rendererB,s1,22
EFNVMK5M,rendererA,s0,22
EXQ5VKP3,rendererB,s1,1
EKLPXH4B,rendererA,s0,17
ETRNVTSV,workerB,s0,20
EZ6S5FHL,workerA,s1,5
ECW8ZMLJ,workerB,s0,22
ER9C2K2L,rendererB,s1,11
E7BUZA8L,workerB,s0,1
E9D5HEP4,workerB,s0,13
EMMRVWTH,rendererB,s0,9
EY6YFWAZ,rendererB,s1,20
E2VNNRCY,workerA,s0,15
ESMJS5TR,workerB,s1,15
EWFW4Y6V,rendererA,s0,14
E42SZRJX,rendererB,s1,13
E6TFYAPK,workerA,s1,11
E4VETADM,workerA,s1,20
ENAJUER8,workerB,s0,14
EYQ4T2DK,rendererB,s0,10
EH4B8D53,rendererB,s0,22
E5TJ8ED5,rendererA,s0,11
E65NHZCD,rendererA,s1,5
EKWRPKK7,workerB,s0,5
EEJEAVA3,rendererB,s1,21
ETWR5MML,rendererA,s0,19
EFYK5ANW,rendererA,s0,20
ERKB6JPE,workerB,s1,8
ENX8LWLR,rendererB,s1,8
EYQRA6K3,rendererA,s0,7
EZ5SPSRY,workerB,s0,9
EUBQX34S,workerB,s1,9
E6MY4XVU,rendererA,s1,23
ECHUNZEH,rendererA,s1,12
EU6YWMAD,rendererA,s1,15
ESKYPN6M,workerB,s1,23
ES3FCCJ7,workerA,s1,102
E8W4RBXN,rendererB,s1,16
ENTHGSL8,rendererB,s1,15
EQFBDJWB,rendererA,s0,16
EC8PYFZ4,rendererA,s1,6
EHWT2RR7,workerA,s1,7
ED45DERA,rendererA,s0,6
E6SXEFNS,workerA,s1,11
E76SWACW,rendererA,s0,18
E7TJAP37,workerA,s1,10
EBPW2D4H,rendererB,s1,15
ECE8PG66,rendererB,s0,15
EUVL4Z8S,workerA,s0,23
EL33QD5J,workerB,s1,11
EME3D639,workerB,s1,0
ELQAY4DR,rendererA,s1,3
ELNNNUUL,rendererA,s0,14
E4CZZMNY,workerA,s0,15
E42EN6TQ,rendererB,s1,8
ESNP3MJF,workerB,s0,19
ECV2XV4L,workerA,s1,3
ERTPR6ZD,workerB,s1,8
EPRW58KT,workerA,s1,16
E7V6TGQL,workerB,s0,6
ES5HVXBH,rendererA,s0,15
E3PCQBHC,rendererA,s0,23
E32L7NC5,rendererA,s0,22
E4RZHNFK,rendererA,s1,4
E9KR7HHM,rendererB,s0,21
EZLFXA47,workerB,s1,5
ENAKKBY8,workerA,s0,20
ESJCGXT4,workerA,s1,0
EYZHMGP3,rendererB,s1,10
E85P67NF,rendererB,s1,22
EJ57N2G5,rendererB,s1,101
E28DH5T3,workerB,s0,21
EN8BZAHP,workerA,s1,13
E62D43F2,workerB,s1,11
ER9XACGE,workerB,s0,13
EWMGTVDB,rendererB,s0,16
E3S9A9H2,workerA,s0,3
EUTJT3LU,workerA,s0,15
E3TFDEJW,rendererA,s1,14
E3Q573YD,workerA,s0,14
EM4XNQUA,rendererA,s0,14
E9K5A9CN,rendererB,s1,22
EXNY76CU,rendererA,s1,1
E2EJ2AYA,workerB,s1,10
EB5QNS56,rendererB,s1,13
EE336AU7,workerB,s1,7
EQHFA2SN,workerA,s0,21
E3BVXBHA,rendererB,s0,19
E8637UQZ,workerB,s1,7
ETF49ZPV,workerA,s0,3
EGWS9XPW,rendererA,s0,3
E6CVU7H3,rendererA,s0,15
EQ6A4X6W,rendererA,s1,14
EF6Z7SLG,workerA,s1,18
EBHR9EGY,workerB,s1,16
E8WLPR38,workerB,s0,0
EG6GNDX3,rendererA,s0,22
E3VXHSLY,rendererA,s0,21
E4G5CEGM,rendererA,s0,20
E8AM6DZ9,workerB,s1,11
EE5F4NKD,rendererA,s0,2
EUPRUB2K,rendererA,s0,3
EWL42JWF,rendererA,s1,2
EKZFH8G9,workerA,s0,3
E4UC2H6E,workerA,s1,12
E8UQXGH2,rendererB,s1,23
EE9UGW8N,rendererA,s1,13
EE9SY6B3,rendererB,s1,19
EH2SG82M,workerB,s0,19
EAKMJPSF,workerA,s0,1
E2S2G7F3,rendererB,s1,8
ES24ASRY,workerA,s1,13
EK2UJZ8G,workerB,s0,1
EFRFWQSR,workerB,s0,13
EXYQLPUD,rendererB,s1,1
ET8JNNY5,rendererB,s0,22
E2EW37ZE,workerB,s0,4
EBKUA39J,rendererB,s1,17
ET9EKSL4,rendererA,s0,9
E2A4ZUVS,workerA,s0,21
E4NW6XW4,workerB,s1,5
ETATPE87,rendererA,s0,19
E98AUP7C,workerA,s1,14
ER5GXJWY,rendererA,s1,17
EJAHF4KY,rendererA,s1,5
EUVNQ3QA,workerB,s0,15
ERZ54Q66,workerA,s0,4
EWV8D7BH,rendererB,s1,22
E2USQEK8,workerB,s0,0
EZ3MDGTZ,rendererB,s1,15
E3MGZH3U,workerA,s1,9
EQJUC4UY,rendererB,s0,20
EK72S8Q9,rendererB,s1,1
EYCYD696,workerB,s1,7
EN9NABZ5,rendererA,s0,2
EZFYHPQP,workerB,s1,17
E2W8L7UL,rendererB,s0,17
EENTRU5P,workerA,s0,17
EN6EN9DG,workerA,s1,102
ED3ZDW48,rendererB,s0,21
E8M9E87K,rendererA,s0,11
EFSRKQ6R,workerB,s1,15
EHBH37T9,rendererA,s1,19
EEYYFJFR,workerA,s0,7
EDRN5ZLP,workerB,s0,22
EVTF8HVD,rendererB,s1,8
EYT7NAT8,rendererB,s1,20
EMX9X9L8,rendererB,s0,17
EGZZ3KYA,workerA,s1,17
EGJGNTFF,rendererA,s0,16
E5HWDJG8,workerA,s1,15
EM6YF6C6,rendererA,s0,23
EP7Z6BWQ,workerB,s0,18
EA89TPRT,rendererB,s1,4
E4DH45FP,rendererB,s0,9
EX3LV6X5,workerA,s0,8
E9H75L49,rendererA,s0,6
E2G283DW,rendererB,s1,16
EJKYZA6T,workerA,s1,3
EYCDHD3B,workerB,s0,21
EWUYR5XZ,rendererB,s1,101
EGAP8YV4,rendererA,s0,3
E3XNNFK7,rendererB,s1,0
ETLXRSH3,rendererA,s0,18
ELHVJ7ZN,workerA,s0,10
ENC4Q9QX,rendererB,s1,19
EY5R8V6M,rendererA,s0,13
ENQTASSN,rendererA,s1,4
EWUK7EZW,workerB,s1,15
E8ZJ2SYG,workerB,s0,1
EEVA3FST,rendererA,s1,18
EXPBFQU9,rendererA,s0,1
ECS94YGJ,workerA,s1,7
EBQY6T9Q,workerB,s1,1
E57YFY6U,workerB,s1,2
EAC6ZA2U,workerB,s1,2
EXUQ5ZT5,workerB,s1,17
EJMKSRPS,rendererB,s0,5
EMLDFKBY,rendererB,s0,0
EPBRLZYZ,workerA,s1,23
EML3U7CV,rendererA,s0,10
E3R8Q84Q,workerB,s1,14
EGV6NY24,workerB,s1,14
EXRKEEMN,rendererA,s0,23
EQ2GTX3Y,rendererA,s1,1
EBR2AZYF,rendererB,s0,4
EUJ388MG,workerB,s1,1
E5BWZ5X5,rendererB,s1,19
E2URHV5P,workerB,s0,22
EPUDFLMN,workerA,s0,16
EAD9UFH6,rendererB,s1,22
E7Z5QL2J,rendererB,s0,23
E5NLPKKA,rendererA,s1,18
E3GAAP7H,rendererA,s0,20
E64289YB,rendererB,s1,13
E5T2JJ88,workerB,s0,8
EZW4RH2G,workerB,s1,3
E5DWY2FR,rendererB,s0,104
EEJ4RWS7,workerA,s0,6
ENVWURR5,workerB,s0,22
E36KWLUD,workerA,s1,8
ED4U7BC5,rendererB,s1,1
E2FUAMLK,rendererA,s0,3
EKN59F7U,rendererA,s0,23
E27BLAWW,workerA,s1,103
EN7ADBPR,rendererB,s0,0
E4V8GTJH,rendererA,s0,17
E338NZT4,workerB,s1,22
EHHNZN4X,rendererA,s1,10
E4LG5VYR,rendererB,s0,11
ESACZWNV,rendererA,s0,19
EY2GWHFP,workerA,s1,15
EYRFDSPH,rendererA,s0,12
EPGRXBUC,workerA,s0,0
ET4V89QM,rendererA,s1,5
E29K32PT,workerA,s1,6
EV6S3NWH,workerB,s1,10
EF78W4KF,rendererA,s1,13
EH3P3LTZ,workerB,s0,7
EZ8YW7YR,workerA,s1,0
E775FKRH,workerB,s0,19
ES2Y6BYW,rendererA,s0,23
ELGGXTDU,workerA,s0,3
E358QMAS,workerA,s1,0
E2UFTJ63,workerA,s1,14
EAS9TZK7,workerA,s1,1
EACRJJ4P,rendererA,s0,16
EMMJPF97,workerA,s0,22
EZH67LNU,workerB,s1,2
E5XHRVDH,rendererA,s1,23
EJYQWXV8,workerA,s1,4
ECCTBURP,workerA,s1,18
E8CQXPWP,workerA,s1,6
EPTP4MV4,rendererB,s0,7
EULA7R23,rendererA,s0,15
E7X6YJSH,rendererA,s0,3
E68H2S5F,rendererB,s1,0
E6G9XQ89,rendererB,s1,2
EX6C4QSC,workerA,s0,13
EY25FCDZ,workerA,s0,23
EJGCSDKE,workerB,s0,11
EXASH2CT,workerA,s1,21
E2AGUU25,rendererA,s1,18
EYLLWUHB,rendererA,s1,10
EY9LZTZU,rendererA,s1,14
EGWB5AWJ,rendererA,s1,8
ETT6Z8GS,rendererA,s0,1
E9L5M4U8,rendererA,s0,19
EWH9LK5Z,workerB,s0,15
EBRSR8EX,rendererA,s0,8
ETGGFNSG,workerB,s1,6
EF4CHV7S,workerB,s0,3
E7LNUSSM,rendererB,s1,16
EQ655M59,rendererB,s1,3
EXUEL2DQ,workerB,s0,13
EAGHB75V,rendererA,s1,13
E4Z2R7A9,workerA,s0,22
EQQNHDMQ,rendererB,s1,105
E5FKTVPU,rendererA,s0,4
EQ5LLATV,workerB,s0,6
E8L9GTDE,workerA,s1,3
EGUFVHKJ,workerA,s1,20
E7VTKSAG,rendererB,s1,15
E9HG9LVS,rendererA,s0,10
EMLVNYZL,rendererB,s1,17
ETKA2F77,rendererA,s1,1
EYD5KXRV,rendererB,s0,19
EHSK5DL9,rendererA,s0,9
E4DL9ALD,workerB,s1,7
EQAS9ZTV,workerA,s0,13
EQSRAT9M,workerB,s1,2
ES6GA7JJ,rendererB,s1,15
EPQ82VJG,workerA,s1,22
EGDK3EQW,rendererA,s0,11
EMLFK9XC,rendererB,s1,18
EUN3CGKF,workerA,s0,23
EVZKG9HF,workerB,s1,15
EN36EPYL,rendererA,s1,16
EYK3U22Z,workerB,s0,8
EUUDFUHX,workerA,s0,12
ELTB5Q7J,workerA,s0,3
ENHHXNHV,workerB,s1,22
E6H6EG62,rendererB,s0,16
EG7376GJ,rendererB,s1,10
ES5NKDQT,workerA,s1,12
E3BA3EYF,rendererB,s1,21
E9GCPXLH,workerA,s0,21
E8BC7RKS,workerB,s1,5
EUV9H4P7,rendererB,s1,8
EFL2XKPG,workerA,s1,103
EWN6GYWS,rendererA,s0,21
EJZYVUGQ,rendererB,s0,17
ESH8NCX6,rendererB,s1,22
ELFGMKRY,rendererB,s1,18
EGPCXEH2,rendererA,s0,18
EWDQT5DC,workerB,s1,13
E4UX3N8R,workerB,s1,17
EJZMULE8,rendererB,s1,4
EYMCKA2C,rendererB,s1,23
ELBN8W4V,rendererA,s0,15
ERNGXV9H,rendererA,s0,12
ELEXYUVL,rendererB,s0,18
EUFSE76G,rendererA,s1,6
EGM5R69K,workerA,s0,18
ETSVTVAA,rendererB,s0,3
EPK47MNT,workerB,s0,19
EEJ46WN4,rendererB,s1,12
EXBX99LQ,rendererA,s0,10
EJA9BAE3,workerB,s0,14
EU9J8AZ3,workerB,s1,12
ERLDDW2N,rendererA,s0,17
EGMWAQXN,workerA,s0,18
EY22LF8C,workerB,s0,18
EYMJWFNJ,workerA,s0,2
EMXDW229,workerB,s0,22
EYA7KNA8,workerB,s0,7
ELFQTGDK,rendererB,s1,105
EZAP8RYR,workerB,s0,14
E3KE2KUH,workerA,s0,1
E36XJFWP,workerA,s1,17
EL8578ZZ,rendererA,s0,23
ENDKH4HR,rendererB,s1,13
EJM32UQ6,rendererB,s1,14
EWM92M2T,rendererA,s0,1
EG577FEH,rendererB,s1,7
EKG3S2LQ,rendererA,s1,8
EFQVSANL,workerA,s1,9
EPB6FPNF,workerA,s0,17
E28H5GVE,rendererA,s0,16
ETXDNVAV,workerA,s0,22
ENSG57YR,workerA,s0,23
EMRNQZ8W,workerB,s0,16
EX5WM6HC,rendererA,s0,8
EHQJ6NDA,rendererA,s1,12
E5ZXTCDJ,workerA,s0,5
EVTTRRMX,rendererB,s1,14
EKKXAR78,workerA,s1,2
EEMSC9AQ,rendererA,s1,5
EBZ33UVN,workerB,s1,22
E5S48V4V,rendererB,s1,0
E6W8N9V6,rendererB,s1,10
EDTY2Z94,workerB,s0,2
E3W4L42U,workerB,s1,21
E49DG7K6,workerB,s0,3
EQZPEESJ,rendererA,s0,12
EBDY3CBZ,rendererA,s1,19
EKV2HPMA,rendererB,s0,11
E5B4UMC2,rendererA,s0,17
EEFH7E36,rendererA,s0,13
ED5UUAHC,rendererB,s1,100
ECWEXZDX,rendererA,s1,6
EKWTXFLW,rendererB,s0,22
ED2BFUTR,workerA,s1,15
EMTPCB22,rendererA,s0,15
EC7B76KH,rendererB,s1,6
ELVBUY4W,workerB,s1,17
EKUX4XNF,rendererB,s1,5
E5JQSMR5,rendererB,s0,104
E4DYSZSM,workerB,s1,1
EHZ63DC7,rendererB,s1,3
EXRBXP8A,workerB,s0,13
ET5HRZDZ,rendererA,s1,6
ERN2YLZA,rendererA,s1,8
E7XD3227,rendererB,s0,0
EL9TQ587,rendererA,s0,11
EH8MVP5V,workerA,s1,23
ERBS7ABN,workerB,s1,5
E4NS5KVT,workerB,s0,11
EPWHL6QS,rendererB,s1,12
EY2WGKT5,workerB,s1,15
EWPUZFQP,workerB,s1,16
E7Z78UB5,rendererA,s0,18
ECY4M824,rendererB,s0,1
EKQCY52Y,workerB,s1,10
ECCVDAD8,workerB,s1,15
EYW23NZJ,rendererA,s0,0
EGX5TRGH,rendererA,s0,0
ECF4TQCH,workerB,s1,13
EY986XP2,rendererA,s1,15
EDPHWQW6,workerA,s0,3
EW33NN4H,rendererB,s1,5
E8S8V4Q4,workerB,s1,9
EA5NHXNJ,rendererB,s1,20
EVMTKR9F,rendererA,s0,1
ETJBENBZ,rendererB,s1,23
EAR8DHT6,rendererA,s1,13
E9CTBJYH,workerA,s0,7
EHFRZJJT,workerB,s1,6
ECNFK2Z5,rendererB,s0,14
E3BSNP25,rendererB,s1,23
EUJV2PSY,workerA,s0,20
ESQRFSAX,workerA,s0,1
EHLCU7XR,rendererB,s1,9
EBSNGAK6,rendererB,s1,13
ENMCFDGL,rendererA,s1,11
EQBGK72B,workerA,s1,9
EFJ566FA,rendererA,s0,21
EGWW7FAQ,workerA,s1,23
EGKSTQMN,rendererA,s0,6
EE3NY7YJ,workerA,s1,19
EWH3VZG8,rendererB,s1,10
EUM5MA8Z,rendererA,s1,2
EGRRWRZH,workerB,s1,9
EX25X79K,workerA,s1,18
E4F6TCTQ,rendererA,s0,8
EFJUQ57W,workerA,s0,21
EWVLU6ZT,workerB,s0,2
EFWBU7LE,rendererB,s0,22
E5Q4KG7U,workerB,s1,7
E687N8KF,workerA,s1,3
ERCCT2FA,rendererA,s1,3
EDSD4KTW,workerA,s1,10
EYSEN68C,rendererA,s1,9
EGQ7QJZ5,rendererA,s0,7
EDGSE3MJ,rendererB,s1,13
E7FZDEKE,rendererA,s0,23
EPAQBXZN,rendererB,s1,2
E46V2DST,rendererA,s1,6
