seq,ts_ms,client,event,worker,url,load_id
1,1800,,cache_put,wA,/assets/shell.js?v=17,
2,1900,,cache_put,wA,/assets/editor.js?v=17,
3,5600,,cache_put,wB,/assets/shell.js?rollout=18,
4,6100,,cache_put,wB,/assets/editor.js?rollout=18,
5,9400,,cache_put,wC,/assets/editor.js?prefetch=19,
6,10100,,cache_put,wC,/assets/shell.js?prefetch=19,
7,13400,,cache_put,wD,/assets/shell.js,
8,2200,c01,controller,wA,,
9,2200,c02,controller,wA,,
10,2200,c03,controller,wA,,
11,5700,c04,controller,wB,,
12,5700,c05,controller,wB,,
13,5700,c06,controller,wB,,
14,3000,c01,script_load,,/assets/shell.js?x=1,L001
15,3020,c01,script_load,,/assets/editor.js,L002
16,5200,c02,script_load,,/assets/shell.js,L003
17,5230,c02,script_load,,/assets/editor.js?debug=1,L004
18,6200,c04,script_load,,/assets/shell.js,L005
19,6220,c04,script_load,,/assets/editor.js,L006
20,9600,c05,controller,wC,,
21,9650,c06,controller,wC,,
22,9700,,cache_delete,wC,/assets/shell.js?old=1,
23,9800,c03,script_load,,/assets/shell.js,L007
24,9820,c03,script_load,,/assets/editor.js,L008
25,9900,c05,script_load,,/assets/editor.js,L009
26,9950,c05,script_load,,/assets/shell.js,L010
27,10000,c06,script_load,,/assets/shell.js?cachebust=9,L011
28,10030,c06,script_load,,/assets/editor.js,L012
29,11000,,cache_delete,wB,/assets/editor.js,
30,11200,c04,script_load,,/assets/shell.js,L013
31,11220,c04,script_load,,/assets/editor.js,L014
32,13500,c01,controller,wD,,
33,13600,c02,controller,wD,,
34,13700,c01,script_load,,/assets/shell.js,L015
35,13720,c01,script_load,,/assets/editor.js,L016
36,13800,c02,script_load,,/assets/editor.js?x=2,L017
37,13820,c02,script_load,,/assets/shell.js,L018
38,14000,c05,script_load,,/assets/shell.js,L019
39,14020,c05,script_load,,/assets/editor.js,L020
